index,x,d,err_taylor,err_pade,log_err_taylor,log_err_pade
1,-0.9,0.1,1.76,0.003435,0.5650559831,-5.673651384
2,-0.9011458298,0.0988541702,1.796,0.003544,0.5854868378,-5.6425217873
3,-0.9022785303,0.0977214697,1.833,0.003656,0.6058045164,-5.611495319
4,-0.903398252,0.096601748,1.87,0.00377,0.6260105966,-5.5805705132
5,-0.9045051436,0.0954948564,1.908,0.003888,0.6461066303,-5.5497459285
6,-0.9055993521,0.0944006479,1.947,0.00401,0.6660941446,-5.5190201466
7,-0.9066810228,0.0933189772,1.986,0.004134,0.685974642,-5.4883917729
8,-0.9077502995,0.0922497005,2.025,0.004263,0.7057496011,-5.4578594351
9,-0.908807324,0.091192676,2.066,0.004394,0.7254204767,-5.4274217832
10,-0.9098522369,0.0901477631,2.106,0.00453,0.7449887008,-5.397077489
11,-0.9108851768,0.0891148232,2.148,0.004669,0.7644556824,-5.3668252458
12,-0.911906281,0.088093719,2.19,0.004812,0.7838228086,-5.3366637677
13,-0.912915685,0.087084315,2.232,0.004959,0.8030914444,-5.3065917894
14,-0.913913523,0.086086477,2.276,0.00511,0.8222629335,-5.2766080656
15,-0.9148999275,0.0851000725,2.319,0.005265,0.8413385988,-5.2467113709
16,-0.9158750295,0.0841249705,2.364,0.005424,0.8603197422,-5.2169004992
17,-0.9168389585,0.0831610415,2.409,0.005588,0.8792076458,-5.1871742634
18,-0.9177918424,0.0822081576,2.455,0.005756,0.8980035717,-5.1575314952
19,-0.918733808,0.081266192,2.501,0.005929,0.9167087624,-5.1279710442
20,-0.9196649802,0.0803350198,2.548,0.006106,0.9353244415,-5.0984917784
21,-0.9205854828,0.0794145172,2.596,0.006288,0.9538518137,-5.0690925829
22,-0.921495438,0.078504562,2.644,0.006475,0.9722920653,-5.0397723605
23,-0.9223949666,0.0776050334,2.693,0.006667,0.9906463647,-5.0105300307
24,-0.9232841882,0.0767158118,2.743,0.006865,1.0089158623,-4.9813645298
25,-0.9241632209,0.0758367791,2.793,0.007067,1.0271016912,-4.9522748101
26,-0.9250321813,0.0749678187,2.844,0.007275,1.0452049674,-4.9232598402
27,-0.9258911848,0.0741088152,2.896,0.007489,1.0632267901,-4.8943186044
28,-0.9267403457,0.0732596543,2.948,0.007708,1.0811682419,-4.8654501023
29,-0.9275797767,0.0724202233,3.001,0.007934,1.0990303893,-4.8366533488
30,-0.9284095891,0.0715904109,3.055,0.008165,1.1168142827,-4.8079273735
31,-0.9292298934,0.0707701066,3.11,0.008402,1.1345209572,-4.7792712208
32,-0.9300407983,0.0699592017,3.165,0.008646,1.1521514321,-4.7506839493
33,-0.9308424117,0.0691575883,3.221,0.008896,1.169706712,-4.7221646318
34,-0.93163484,0.06836516,3.278,0.009153,1.1871877864,-4.6937123547
35,-0.9324181883,0.0675818117,3.335,0.009416,1.2045956303,-4.6653262183
36,-0.9331925608,0.0668074392,3.394,0.009687,1.2219312044,-4.637005336
37,-0.9339580604,0.0660419396,3.453,0.009964,1.2391954552,-4.6087488344
38,-0.9347147886,0.0652852114,3.513,0.01025,1.2563893157,-4.580555853
39,-0.935462846,0.064537154,3.573,0.01054,1.2735137049,-4.5524255439
40,-0.9362023319,0.0637976681,3.635,0.01084,1.2905695288,-4.5243570715
41,-0.9369333446,0.0630666554,3.697,0.01115,1.3075576798,-4.4963496128
42,-0.9376559811,0.0623440189,3.76,0.01147,1.3244790379,-4.4684023563
43,-0.9383703374,0.0616296626,3.824,0.01179,1.3413344701,-4.4405145027
44,-0.9390765085,0.0609234915,3.889,0.01212,1.358124831,-4.412685264
45,-0.939774588,0.060225412,3.954,0.01246,1.3748509629,-4.3849138636
46,-0.9404646687,0.0595353313,4.021,0.01281,1.391513696,-4.3571995364
47,-0.9411468422,0.0588531578,4.088,0.01317,1.4081138488,-4.3295415278
48,-0.9418211993,0.0581788007,4.156,0.01354,1.424652228,-4.3019390945
49,-0.9424878293,0.0575121707,4.225,0.01392,1.4411296287,-4.2743915035
50,-0.9431468209,0.0568531791,4.295,0.01431,1.457546835,-4.2468980323
51,-0.9437982615,0.0562017385,4.366,0.01471,1.4739046197,-4.2194579688
52,-0.9444422378,0.0555577622,4.438,0.01511,1.4902037447,-4.1920706108
53,-0.9450788352,0.0549211648,4.511,0.01553,1.5064449612,-4.1647352662
54,-0.9457081382,0.0542918618,4.584,0.01596,1.5226290099,-4.1374512524
55,-0.9463302305,0.0536697695,4.659,0.0164,1.5387566211,-4.1102178968
56,-0.9469451947,0.0530548053,4.734,0.01686,1.5548285146,-4.0830345358
57,-0.9475531125,0.0524468875,4.811,0.01732,1.5708454004,-4.0559005154
58,-0.9481540646,0.0518459354,4.888,0.0178,1.5868079787,-4.0288151906
59,-0.9487481307,0.0512518693,4.967,0.01828,1.6027169396,-4.0017779252
60,-0.9493353899,0.0506646101,5.046,0.01878,1.618572964,-3.9747880922
61,-0.9499159201,0.0500840799,5.126,0.0193,1.6343767231,-3.9478450729
62,-0.9504897984,0.0495102016,5.208,0.01982,1.6501288789,-3.9209482574
63,-0.951057101,0.048942899,5.29,0.02036,1.6658300843,-3.8940970442
64,-0.9516179034,0.0483820966,5.374,0.02091,1.6814809832,-3.8672908397
65,-0.9521722798,0.0478277202,5.458,0.02148,1.6970822105,-3.8405290589
66,-0.9527203041,0.0472796959,5.544,0.02206,1.7126343927,-3.8138111245
67,-0.9532620489,0.0467379511,5.63,0.02266,1.7281381474,-3.7871364672
68,-0.9537975863,0.0462024137,5.718,0.02327,1.7435940839,-3.7605045253
69,-0.9543269873,0.0456730127,5.807,0.0239,1.7590028032,-3.7339147449
70,-0.9548503223,0.0451496777,5.897,0.02454,1.7743648982,-3.7073665794
71,-0.9553676607,0.0446323393,5.988,0.0252,1.7896809535,-3.6808594897
72,-0.9558790714,0.0441209286,6.08,0.02588,1.804951546,-3.6543929439
73,-0.9563846221,0.0436153779,6.173,0.02657,1.8201772447,-3.6279664173
74,-0.9568843801,0.0431156199,6.267,0.02728,1.8353586108,-3.6015793921
75,-0.9573784117,0.0426215883,6.363,0.02801,1.8504961982,-3.5752313576
76,-0.9578667826,0.0421332174,6.46,0.02876,1.8655905532,-3.5489218097
77,-0.9583495575,0.0416504425,6.558,0.02952,1.8806422146,-3.5226502511
78,-0.9588268007,0.0411731993,6.657,0.03031,1.8956517141,-3.4964161912
79,-0.9592985755,0.0407014245,6.757,0.03111,1.9106195765,-3.4702191456
80,-0.9597649445,0.0402350555,6.859,0.03193,1.9255463191,-3.4440586366
81,-0.9602259698,0.0397740302,6.962,0.03278,1.9404324527,-3.4179341926
82,-0.9606817124,0.0393182876,7.066,0.03365,1.9552784812,-3.3918453481
83,-0.9611322331,0.0388677669,7.171,0.03453,1.9700849016,-3.3657916441
84,-0.9615775915,0.0384224085,7.278,0.03545,1.9848522046,-3.339772627
85,-0.9620178469,0.0379821531,7.386,0.03638,1.9995808741,-3.3137878497
86,-0.9624530578,0.0375469422,7.495,0.03733,2.0142713877,-3.2878368705
87,-0.9628832818,0.0371167182,7.606,0.03831,2.0289242168,-3.2619192536
88,-0.9633085762,0.0366914238,7.718,0.03932,2.0435398265,-3.2360345687
89,-0.9637289975,0.0362710025,7.831,0.04035,2.0581186757,-3.2101823912
90,-0.9641446014,0.0358553986,7.946,0.0414,2.0726612173,-3.184362302
91,-0.9645554433,0.0354445567,8.062,0.04249,2.0871678983,-3.1585738872
92,-0.9649615775,0.0350384225,8.18,0.04359,2.1016391598,-3.1328167382
93,-0.9653630582,0.0346369418,8.299,0.04473,2.1160754371,-3.1070904518
94,-0.9657599386,0.0342400614,8.419,0.0459,2.1304771598,-3.0813946297
95,-0.9661522714,0.0338477286,8.541,0.04709,2.1448447519,-3.055728879
96,-0.9665401088,0.0334598912,8.664,0.04831,2.1591786319,-3.0300928114
97,-0.9669235022,0.0330764978,8.789,0.04956,2.1734792128,-3.0044860436
98,-0.9673025026,0.0326974974,8.915,0.05085,2.1877469023,-2.9789081974
99,-0.9676771602,0.0323228398,9.043,0.05216,2.2019821027,-2.953358899
100,-0.9680475249,0.0319524751,9.172,0.05351,2.2161852112,-2.9278377795
101,-0.9684136459,0.0315863541,9.303,0.05489,2.2303566197,-2.9023444746
102,-0.9687755718,0.0312244282,9.436,0.05631,2.2444967152,-2.8768786243
103,-0.9691333506,0.0308666494,9.57,0.05776,2.2586058795,-2.8514398735
104,-0.9694870298,0.0305129702,9.705,0.05925,2.2726844898,-2.8260278711
105,-0.9698366565,0.0301633435,9.843,0.06077,2.2867329181,-2.8006422707
106,-0.9701822771,0.0298177229,9.982,0.06233,2.3007515317,-2.7752827298
107,-0.9705239374,0.0294760626,10.12,0.06393,2.3147406932,-2.7499489104
108,-0.970861683,0.029138317,10.26,0.06557,2.3287007608,-2.7246404785
109,-0.9711955585,0.0288044415,10.41,0.06725,2.3426320876,-2.6993571043
110,-0.9715256083,0.0284743917,10.55,0.06897,2.3565350226,-2.6740984619
111,-0.9718518764,0.0281481236,10.7,0.07073,2.3704099102,-2.6488642296
112,-0.972174406,0.027825594,10.85,0.07254,2.3842570903,-2.6236540892
113,-0.9724932399,0.0275067601,11,0.07439,2.3980768986,-2.5984677267
114,-0.9728084206,0.0271915794,11.15,0.07628,2.4118696664,-2.5733048318
115,-0.9731199898,0.0268800102,11.31,0.07823,2.425635721,-2.5481650978
116,-0.9734279889,0.0265720111,11.47,0.08021,2.4393753854,-2.5230482219
117,-0.973732459,0.026267541,11.62,0.08225,2.4530889783,-2.4979539047
118,-0.9740334403,0.0259665597,11.78,0.08434,2.4667768147,-2.4728818506
119,-0.9743309728,0.0256690272,11.95,0.08648,2.4804392054,-2.4478317672
120,-0.9746250962,0.0253749038,12.11,0.08867,2.4940764574,-2.4228033659
121,-0.9749158494,0.0250841506,12.28,0.09092,2.5076888737,-2.3977963612
122,-0.9752032711,0.0247967289,12.44,0.09322,2.5212767535,-2.3728104713
123,-0.9754873994,0.0245126006,12.61,0.09557,2.5348403922,-2.3478454175
124,-0.9757682721,0.0242317279,12.79,0.09799,2.5483800816,-2.3229009242
125,-0.9760459264,0.0239540736,12.96,0.1005,2.5618961098,-2.2979767194
126,-0.9763203993,0.0236796007,13.14,0.103,2.575388761,-2.273072534
127,-0.9765917272,0.0234082728,13.31,0.1056,2.5888583163,-2.248188102
128,-0.9768599462,0.0231400538,13.49,0.1082,2.6023050529,-2.2233231607
129,-0.9771250918,0.0228749082,13.68,0.111,2.6157292447,-2.1984774501
130,-0.9773871993,0.0226128007,13.86,0.1138,2.629131162,-2.1736507135
131,-0.9776463035,0.0223536965,14.05,0.1166,2.642511072,-2.1488426968
132,-0.9779024389,0.0220975611,14.24,0.1195,2.6558692383,-2.1240531492
133,-0.9781556393,0.0218443607,14.43,0.1225,2.6692059213,-2.0992818224
134,-0.9784059385,0.0215940615,14.62,0.1256,2.6825213782,-2.0745284711
135,-0.9786533697,0.0213466303,14.82,0.1288,2.695815863,-2.0497928525
136,-0.9788979657,0.0211020343,15.02,0.132,2.7090896263,-2.0250747269
137,-0.9791397591,0.0208602409,15.22,0.1353,2.722342916,-2.000373857
138,-0.979378782,0.020621218,15.42,0.1387,2.7355759765,-1.9756900083
139,-0.979615066,0.020384934,15.62,0.1421,2.7487890494,-1.9510229488
140,-0.9798486427,0.0201513573,15.83,0.1457,2.7619823733,-1.926372449
141,-0.9800795429,0.0199204571,16.04,0.1493,2.7751561838,-1.9017382821
142,-0.9803077974,0.0196922026,16.25,0.153,2.7883107136,-1.8771202237
143,-0.9805334366,0.0194665634,16.47,0.1568,2.8014461924,-1.8525180518
144,-0.9807564902,0.0192435098,16.69,0.1607,2.8145628472,-1.8279315468
145,-0.9809769881,0.0190230119,16.91,0.1647,2.8276609022,-1.8033604916
146,-0.9811949594,0.0188050406,17.13,0.1688,2.8407405788,-1.7788046713
147,-0.9814104332,0.0185895668,17.35,0.173,2.8538020956,-1.7542638735
148,-0.981623438,0.018376562,17.58,0.1773,2.8668456685,-1.7297378877
149,-0.9818340021,0.0181659979,17.81,0.1817,2.8798715109,-1.705226506
150,-0.9820421535,0.0179578465,18.05,0.1862,2.8928798335,-1.6807295224
151,-0.9822479199,0.0177520801,18.28,0.1909,2.9058708443,-1.6562467334
152,-0.9824513285,0.0175486715,18.52,0.1956,2.9188447489,-1.6317779373
153,-0.9826524064,0.0173475936,18.76,0.2004,2.9318017503,-1.6073229347
154,-0.9828511803,0.0171488197,19.01,0.2054,2.944742049,-1.5828815281
155,-0.9830476766,0.0169523234,19.25,0.2105,2.9576658431,-1.5584535223
156,-0.9832419214,0.0167580786,19.5,0.2157,2.9705733282,-1.5340387237
157,-0.9834339404,0.0165660596,19.76,0.221,2.9834646975,-1.509636941
158,-0.9836237593,0.0163762407,20.01,0.2264,2.996340142,-1.4852479848
159,-0.9838114031,0.0161885969,20.27,0.232,3.0091998501,-1.4608716674
160,-0.9839968969,0.0160031031,20.53,0.2378,3.0220440082,-1.4365078031
161,-0.9841802652,0.0158197348,20.8,0.2436,3.0348728001,-1.4121562082
162,-0.9843615324,0.0156384676,21.07,0.2496,3.0476864077,-1.3878167005
163,-0.9845407226,0.0154592774,21.34,0.2558,3.0604850104,-1.3634890999
164,-0.9847178596,0.0152821404,21.61,0.2621,3.0732687856,-1.3391732278
165,-0.984892967,0.015107033,21.89,0.2685,3.0860379084,-1.3148689075
166,-0.9850660678,0.0149339322,22.17,0.2751,3.098792552,-1.2905759638
167,-0.9852371853,0.0147628147,22.46,0.2819,3.1115328871,-1.2662942236
168,-0.985406342,0.014593658,22.74,0.2888,3.1242590827,-1.2420235149
169,-0.9855735605,0.0144264395,23.03,0.2959,3.1369713056,-1.2177636677
170,-0.9857388629,0.0142611371,23.33,0.3032,3.1496697206,-1.1935145134
171,-0.9859022713,0.0140977287,23.63,0.3106,3.1623544905,-1.1692758851
172,-0.9860638073,0.0139361927,23.93,0.3182,3.1750257761,-1.1450476173
173,-0.9862234923,0.0137765077,24.23,0.326,3.1876837363,-1.1208295461
174,-0.9863813476,0.0136186524,24.54,0.334,3.2003285279,-1.0966215091
175,-0.9865373942,0.0134626058,24.85,0.3422,3.2129603062,-1.0724233453
176,-0.9866916528,0.0133083472,25.17,0.3506,3.2255792242,-1.0482348952
177,-0.9868441438,0.0131558562,25.49,0.3591,3.2381854333,-1.0240560007
178,-0.9869948875,0.0130051125,25.81,0.3679,3.2507790831,-0.9998865049
179,-0.9871439039,0.0128560961,26.14,0.3769,3.2633603211,-0.9757262526
180,-0.9872912129,0.0127087871,26.47,0.3861,3.2759292933,-0.9515750896
181,-0.987436834,0.012563166,26.8,0.3956,3.288486144,-0.9274328634
182,-0.9875807865,0.0124192135,27.14,0.4052,3.3010310154,-0.9032994223
183,-0.9877230895,0.0122769105,27.48,0.4151,3.3135640484,-0.8791746163
184,-0.987863762,0.012136238,27.83,0.4253,3.3260853819,-0.8550582963
185,-0.9880028226,0.0119971774,28.18,0.4356,3.3385951533,-0.8309503148
186,-0.9881402899,0.0118597101,28.53,0.4463,3.3510934983,-0.8068505251
187,-0.988276182,0.011723818,28.89,0.4571,3.3635805509,-0.7827587819
188,-0.988410517,0.011589483,29.26,0.4683,3.3760564437,-0.758674941
189,-0.9885433127,0.0114566873,29.62,0.4797,3.3885213075,-0.7345988594
190,-0.9886745868,0.0113254132,29.99,0.4914,3.4009752716,-0.7105303951
191,-0.9888043568,0.0111956432,30.37,0.5034,3.4134184637,-0.6864694071
192,-0.9889326398,0.0110673602,30.75,0.5156,3.4258510101,-0.6624157558
193,-0.9890594529,0.0109405471,31.13,0.5282,3.4382730355,-0.6383693023
194,-0.989184813,0.010815187,31.52,0.541,3.4506846631,-0.6143299089
195,-0.9893087366,0.0106912634,31.92,0.5542,3.4630860147,-0.5902974387
196,-0.9894312403,0.0105687597,32.31,0.5676,3.4754772105,-0.5662717561
197,-0.9895523403,0.0104476597,32.72,0.5814,3.4878583694,-0.5422527262
198,-0.9896720527,0.0103279473,33.12,0.5956,3.5002296089,-0.5182402151
199,-0.9897903934,0.0102096066,33.54,0.61,3.5125910449,-0.4942340899
200,-0.9899073781,0.0100926219,33.95,0.6249,3.5249427921,-0.4702342184
201,-0.9900230224,0.0099769776,34.37,0.64,3.5372849638,-0.4462404695
202,-0.9901373415,0.0098626585,34.8,0.6556,3.5496176719,-0.4222527128
203,-0.9902503508,0.0097496492,35.23,0.6715,3.5619410271,-0.3982708188
204,-0.9903620652,0.0096379348,35.67,0.6878,3.5742551385,-0.3742946588
205,-0.9904724995,0.0095275005,36.11,0.7045,3.5865601142,-0.3503241049
206,-0.9905816685,0.0094183315,36.56,0.7215,3.5988560609,-0.32635903
207,-0.9906895865,0.0093104135,37.01,0.739,3.611143084,-0.3023993077
208,-0.990796268,0.009203732,37.47,0.757,3.6234212877,-0.2784448123
209,-0.9909017271,0.0090982729,37.93,0.7753,3.6356907749,-0.254495419
210,-0.9910059778,0.0089940222,38.4,0.7941,3.6479516473,-0.2305510035
211,-0.991109034,0.008890966,38.87,0.8133,3.6602040053,-0.2066114422
212,-0.9912109093,0.0087890907,39.35,0.833,3.6724479485,-0.1826766123
213,-0.9913116174,0.0086883826,39.83,0.8532,3.6846835747,-0.1587463916
214,-0.9914111714,0.0085888286,40.32,0.8739,3.6969109811,-0.1348206583
215,-0.9915095848,0.0084904152,40.82,0.895,3.7091302635,-0.1108992916
216,-0.9916068705,0.0083931295,41.32,0.9167,3.7213415164,-0.0869821709
217,-0.9917030415,0.0082969585,41.83,0.9389,3.7335448335,-0.0630691764
218,-0.9917981105,0.0082018895,42.34,0.9616,3.7457403073,-0.0391601888
219,-0.9918920902,0.0081079098,42.86,0.9849,3.7579280291,-0.0152550892
220,-0.991984993,0.008015007,43.38,1.009,3.7701080891,0.0086462406
221,-0.9920768314,0.0079231686,43.92,1.033,3.7822805766,0.0325439183
222,-0.9921676174,0.0078323826,44.45,1.058,3.7944455798,0.0564380614
223,-0.9922573632,0.0077426368,45,1.084,3.8066031856,0.0803287866
224,-0.9923460806,0.0076539194,45.55,1.11,3.8187534803,0.1042162104
225,-0.9924337815,0.0075662185,46.1,1.137,3.830896549,0.1281004488
226,-0.9925204775,0.0074795225,46.67,1.164,3.8430324755,0.1519816174
227,-0.9926061801,0.0073938199,47.24,1.192,3.8551613431,0.1758598314
228,-0.9926909007,0.0073090993,47.81,1.221,3.8672832338,0.1997352056
229,-0.9927746505,0.0072253495,48.4,1.251,3.8793982287,0.2236078545
230,-0.9928574407,0.0071425593,48.98,1.281,3.891506408,0.2474778924
231,-0.9929392823,0.0070607177,49.58,1.312,3.903607851,0.271345433
232,-0.9930201861,0.0069798139,50.18,1.343,3.9157026358,0.2952105899
233,-0.9931001629,0.0068998371,50.79,1.376,3.9277908399,0.3190734764
234,-0.9931792233,0.0068207767,51.41,1.409,3.9398725398,0.3429342056
235,-0.9932573778,0.0067426222,52.04,1.443,3.9519478108,0.3667928902
236,-0.9933346367,0.0066653633,52.67,1.478,3.9640167279,0.3906496427
237,-0.9934110104,0.0065889896,53.31,1.514,3.9760793646,0.4145045755
238,-0.9934865091,0.0065134909,53.95,1.55,3.988135794,0.4383578009
239,-0.9935611426,0.0064388574,54.61,1.588,4.000186088,0.4622094307
240,-0.9936349209,0.0063650791,55.27,1.626,4.012230318,0.4860595769
241,-0.9937078539,0.0062921461,55.94,1.665,4.0242685542,0.5099083511
242,-0.9937799512,0.0062200488,56.62,1.705,4.0363008662,0.5337558649
243,-0.9938512223,0.0061487777,57.3,1.746,4.0483273228,0.5576022298
244,-0.9939216769,0.0060783231,57.99,1.789,4.0603479919,0.5814475573
245,-0.9939913241,0.0060086759,58.7,1.832,4.0723629406,0.6052919586
246,-0.9940601733,0.0059398267,59.4,1.876,4.0843722352,0.6291355452
247,-0.9941282336,0.0058717664,60.12,1.921,4.0963759413,0.6529784282
248,-0.9941955141,0.0058044859,60.85,1.968,4.1083741237,0.676820719
249,-0.9942620236,0.0057379764,61.58,2.015,4.1203668464,0.7006625287
250,-0.994327771,0.005672229,62.32,2.064,4.1323541728,0.7245039688
251,-0.9943927651,0.0056072349,63.08,2.113,4.1443361652,0.7483451506
252,-0.9944570145,0.0055429855,63.84,2.164,4.1563128857,0.7721861855
253,-0.9945205277,0.0054794723,64.6,2.217,4.1682843951,0.796027185
254,-0.9945833131,0.0054166869,65.38,2.27,4.180250754,0.8198682607
255,-0.9946453791,0.0053546209,66.17,2.325,4.1922120219,0.8437095243
256,-0.9947067339,0.0052932661,66.96,2.381,4.2041682578,0.8675510877
257,-0.9947673858,0.0052326142,67.77,2.439,4.21611952,0.8913930629
258,-0.9948273426,0.0051726574,68.58,2.497,4.2280658661,0.9152355621
259,-0.9948866125,0.0051133875,69.41,2.558,4.240007353,0.9390786976
260,-0.9949452032,0.0050547968,70.24,2.619,4.251944037,0.9629225822
261,-0.9950031225,0.0049968775,71.08,2.683,4.2638759736,0.9867673286
262,-0.9950603783,0.0049396217,71.94,2.747,4.2758032177,1.0106130499
263,-0.9951169779,0.0048830221,72.8,2.814,4.2877258238,1.0344598594
264,-0.995172929,0.004827071,73.67,2.881,4.2996438454,1.0583078709
265,-0.9952282391,0.0047717609,74.56,2.951,4.3115573356,1.0821571983
266,-0.9952829153,0.0047170847,75.45,3.022,4.3234663468,1.1060079559
267,-0.9953369651,0.0046630349,76.35,3.095,4.3353709308,1.1298602583
268,-0.9953903955,0.0046096045,77.27,3.17,4.3472711389,1.1537142205
269,-0.9954432137,0.0045567863,78.19,3.246,4.3591670216,1.177569958
270,-0.9954954267,0.0045045733,79.13,3.325,4.3710586289,1.2014275865
271,-0.9955470415,0.0044529585,80.07,3.405,4.3829460103,1.2252872224
272,-0.9955980648,0.0044019352,81.03,3.487,4.3948292146,1.2491489822
273,-0.9956485035,0.0043514965,82,3.572,4.4067082901,1.2730129833
274,-0.9956983642,0.0043016358,82.98,3.658,4.4185832846,1.2968793433
275,-0.9957476537,0.0042523463,83.97,3.746,4.4304542452,1.3207481803
276,-0.9957963783,0.0042036217,84.97,3.837,4.4423212185,1.3446196131
277,-0.9958445447,0.0041554553,85.99,3.929,4.4541842506,1.368493761
278,-0.9958921591,0.0041078409,87.01,4.024,4.466043387,1.3923707438
279,-0.995939228,0.004060772,88.05,4.122,4.4778986727,1.4162506821
280,-0.9959857575,0.0040142425,89.1,4.221,4.4897501523,1.4401336968
281,-0.9960317539,0.0039682461,90.16,4.323,4.5015978697,1.4640199099
282,-0.9960772232,0.0039227768,91.24,4.428,4.5134418682,1.4879094436
283,-0.9961221716,0.0038778284,92.32,4.535,4.525282191,1.5118024211
284,-0.9961666049,0.0038333951,93.42,4.645,4.5371188804,1.5356989662
285,-0.9962105291,0.0037894709,94.53,4.757,4.5489519784,1.5595992035
286,-0.99625395,0.00374605,95.66,4.872,4.5607815264,1.5835032584
287,-0.9962968733,0.0037031267,96.8,4.99,4.5726075654,1.607411257
288,-0.9963393049,0.0036606951,97.95,5.111,4.584430136,1.6313233262
289,-0.9963812502,0.0036187498,99.11,5.234,4.5962492781,1.6552395938
290,-0.9964227149,0.0035772851,100.3,5.361,4.6080650314,1.6791601884
291,-0.9964637045,0.0035362955,101.5,5.491,4.6198774349,1.7030852397
292,-0.9965042244,0.0034957756,102.7,5.624,4.6316865273,1.727014878
293,-0.9965442801,0.0034557199,103.9,5.76,4.6434923469,1.7509492348
294,-0.9965838767,0.0034161233,105.1,5.9,4.6552949312,1.7748884424
295,-0.9966230197,0.0033769803,106.4,6.043,4.6670943178,1.7988326342
296,-0.9966617141,0.0033382859,107.7,6.189,4.6788905435,1.8227819445
297,-0.9966999652,0.0033000348,108.9,6.339,4.6906836447,1.8467365089
298,-0.996737778,0.003262222,110.2,6.493,4.7024736575,1.8706964638
299,-0.9967751575,0.0032248425,111.5,6.65,4.7142606175,1.8946619469
300,-0.9968121087,0.0031878913,112.8,6.812,4.7260445598,1.9186330969
301,-0.9968486365,0.0031513635,114.2,6.977,4.7378255194,1.9426100538
302,-0.9968847458,0.0031152542,115.5,7.146,4.7496035306,1.9665929585
303,-0.9969204413,0.0030795587,116.9,7.32,4.7613786274,1.9905819537
304,-0.9969557278,0.0030442722,118.3,7.498,4.7731508434,2.0145771827
305,-0.99699061,0.00300939,119.7,7.68,4.7849202118,2.0385787905
306,-0.9970250925,0.0029749075,121.1,7.866,4.7966867654,2.0625869233
307,-0.9970591798,0.0029408202,122.5,8.057,4.8084505367,2.0866017287
308,-0.9970928766,0.0029071234,124,8.253,4.8202115577,2.1106233557
309,-0.9971261873,0.0028738127,125.5,8.454,4.8319698602,2.1346519544
310,-0.9971591163,0.0028408837,126.9,8.66,4.8437254754,2.1586876769
311,-0.997191668,0.002808332,128.4,8.87,4.8554784344,2.1827306764
312,-0.9972238467,0.0027761533,130,9.086,4.8672287677,2.2067811076
313,-0.9972556567,0.0027443433,131.5,9.308,4.8789765056,2.2308391271
314,-0.9972871022,0.0027128978,133,9.534,4.890721678,2.2549048926
315,-0.9973181874,0.0026818126,134.6,9.767,4.9024643145,2.2789785639
316,-0.9973489164,0.0026510836,136.2,10,4.9142044442,2.3030603022
317,-0.9973792933,0.0026207067,137.8,10.25,4.9259420961,2.3271502704
318,-0.9974093221,0.0025906779,139.4,10.5,4.9376772986,2.3512486333
319,-0.9974390069,0.0025609931,141.1,10.75,4.9494100801,2.3753555573
320,-0.9974683515,0.0025316485,142.8,11.02,4.9611404684,2.3994712107
321,-0.9974973599,0.0025026401,144.4,11.29,4.9728684909,2.4235957638
322,-0.9975260359,0.0024739641,146.1,11.56,4.9845941751,2.4477293887
323,-0.9975543833,0.0024456167,147.9,11.84,4.9963175478,2.4718722592
324,-0.9975824059,0.0024175941,149.6,12.13,5.0080386356,2.4960245515
325,-0.9976101074,0.0023898926,151.4,12.43,5.0197574649,2.5201864437
326,-0.9976374915,0.0023625085,153.2,12.74,5.0314740616,2.5443581158
327,-0.9976645619,0.0023354381,155,13.05,5.0431884514,2.5685397501
328,-0.997691322,0.002308678,156.8,13.37,5.0549006598,2.5927315312
329,-0.9977177755,0.0022822245,158.6,13.69,5.0666107118,2.6169336455
330,-0.9977439259,0.0022560741,160.5,14.03,5.0783186323,2.6411462822
331,-0.9977697767,0.0022302233,162.4,14.37,5.0900244458,2.6653696323
332,-0.9977953313,0.0022046687,164.3,14.73,5.1017281766,2.6896038897
333,-0.997820593,0.002179407,166.2,15.09,5.1134298486,2.7138492502
334,-0.9978455653,0.0021544347,168.2,15.46,5.1251294856,2.7381059125
335,-0.9978702515,0.0021297485,170.2,15.84,5.1368271109,2.7623740775
336,-0.9978946548,0.0021053452,172.2,16.23,5.1485227477,2.7866539491
337,-0.9979187784,0.0020812216,174.2,16.63,5.1602164188,2.8109457333
338,-0.9979426257,0.0020573743,176.3,17.03,5.171908147,2.8352496393
339,-0.9979661997,0.0020338003,178.3,17.45,5.1835979545,2.8595658788
340,-0.9979895036,0.0020104964,180.4,17.88,5.1952858634,2.8838946663
341,-0.9980125405,0.0019874595,182.5,18.32,5.2069718957,2.9082362194
342,-0.9980353134,0.0019646866,184.7,18.78,5.2186560728,2.9325907583
343,-0.9980578253,0.0019421747,186.9,19.24,5.2303384161,2.9569585065
344,-0.9980800793,0.0019199207,189.1,19.71,5.2420189467,2.9813396906
345,-0.9981020784,0.0018979216,191.3,20.2,5.2536976855,3.0057345401
346,-0.9981238253,0.0018761747,193.5,20.7,5.2653746531,3.0301432878
347,-0.9981453231,0.0018546769,195.8,21.21,5.2770498698,3.0545661699
348,-0.9981665745,0.0018334255,198.1,21.74,5.2887233558,3.0790034258
349,-0.9981875825,0.0018124175,200.4,22.27,5.300395131,3.1034552985
350,-0.9982083497,0.0017916503,202.8,22.83,5.312065215,3.1279220344
351,-0.9982288789,0.0017711211,205.1,23.39,5.3237336273,3.1524038834
352,-0.998249173,0.001750827,207.6,23.97,5.3354003871,3.1769010992
353,-0.9982692345,0.0017307655,210,24.57,5.3470655135,3.2014139391
354,-0.9982890661,0.0017109339,212.5,25.18,5.3587290252,3.2259426645
355,-0.9983086705,0.0016913295,214.9,25.8,5.3703909408,3.2504875403
356,-0.9983280502,0.0016719498,217.5,26.44,5.3820512786,3.2750488359
357,-0.9983472079,0.0016527921,220,27.1,5.3937100567,3.2996268242
358,-0.9983661461,0.0016338539,222.6,27.78,5.4053672931,3.3242217828
359,-0.9983848673,0.0016151327,225.2,28.47,5.4170230056,3.3488339933
360,-0.998403374,0.001596626,227.8,29.18,5.4286772116,3.3734637417
361,-0.9984216686,0.0015783314,230.5,29.91,5.4403299284,3.3981113185
362,-0.9984397536,0.0015602464,233.2,30.65,5.4519811733,3.4227770188
363,-0.9984576314,0.0015423686,236,31.42,5.463630963,3.4474611424
364,-0.9984753043,0.0015246957,238.7,32.21,5.4752793143,3.4721639937
365,-0.9984927747,0.0015072253,241.5,33.01,5.4869262437,3.4968858821
366,-0.9985100449,0.0014899551,244.3,33.84,5.4985717677,3.5216271221
367,-0.9985271173,0.0014728827,247.2,34.69,5.5102159023,3.5463880333
368,-0.998543994,0.001456006,250.1,35.56,5.5218586635,3.5711689402
369,-0.9985606774,0.0014393226,253,36.45,5.5335000671,3.5959701732
370,-0.9985771695,0.0014228305,256,37.37,5.5451401286,3.6207920678
371,-0.9985934728,0.0014065272,259,38.31,5.5567788636,3.6456349652
372,-0.9986095892,0.0013904108,262,39.27,5.5684162873,3.6704992124
373,-0.9986255209,0.0013744791,265.1,40.26,5.5800524146,3.6953851621
374,-0.9986412701,0.0013587299,268.2,41.28,5.5916872606,3.7202931734
375,-0.9986568388,0.0013431612,271.3,42.32,5.6033208399,3.7452236111
376,-0.9986722292,0.0013277708,274.5,43.39,5.6149531671,3.7701768467
377,-0.9986874432,0.0013125568,277.7,44.49,5.6265842566,3.7951532579
378,-0.9987024828,0.0012975172,281,45.61,5.6382141226,3.8201532291
379,-0.9987173502,0.0012826498,284.2,46.77,5.6498427791,3.8451771514
380,-0.9987320472,0.0012679528,287.6,47.95,5.66147024,3.8702254231
381,-0.9987465757,0.0012534243,290.9,49.17,5.6730965192,3.8952984493
382,-0.9987609378,0.0012390622,294.3,50.42,5.6847216301,3.9203966426
383,-0.9987751354,0.0012248646,297.8,51.7,5.6963455862,3.9455204229
384,-0.9987891702,0.0012108298,301.3,53.02,5.7079684007,3.9706702178
385,-0.9988030443,0.0011969557,304.8,54.37,5.7195900868,3.9958464629
386,-0.9988167594,0.0011832406,308.3,55.76,5.7312106573,4.0210496016
387,-0.9988303173,0.0011696827,311.9,57.18,5.7428301252,4.0462800857
388,-0.9988437199,0.0011562801,315.6,58.65,5.7544485031,4.0715383754
389,-0.9988569689,0.0011430311,319.3,60.15,5.7660658035,4.0968249395
390,-0.9988700661,0.0011299339,323,61.69,5.7776820388,4.1221402558
391,-0.9988830132,0.0011169868,326.8,63.27,5.7892972212,4.1474848111
392,-0.9988958119,0.0011041881,330.6,64.9,5.8009113628,4.1728591017
393,-0.9989084641,0.0010915359,334.5,66.57,5.8125244755,4.1982636333
394,-0.9989209712,0.0010790288,338.4,68.29,5.8241365713,4.2236989216
395,-0.998933335,0.001066665,342.3,70.05,5.8357476616,4.2491654923
396,-0.9989455572,0.0010544428,346.3,71.86,5.8473577582,4.2746638815
397,-0.9989576393,0.0010423607,350.4,73.71,5.8589668724,4.300194636
398,-0.998969583,0.001030417,354.5,75.62,5.8705750154,4.3257583135
399,-0.9989813898,0.0010186102,358.6,77.58,5.8821821985,4.3513554829
400,-0.9989930614,0.0010069386,362.8,79.6,5.8937884327,4.3769867246
401,-0.9990045992,0.0009954008,367,81.67,5.9053937288,4.4026526309
402,-0.9990160048,0.0009839952,371.3,83.79,5.9169980976,4.4283538063
403,-0.9990272797,0.0009727203,375.6,85.98,5.9286015498,4.4540908677
404,-0.9990384254,0.0009615746,380,88.22,5.9402040959,4.4798644449
405,-0.9990494434,0.0009505566,384.4,90.53,5.9518057463,4.505675181
406,-0.9990603352,0.0009396648,388.9,92.9,5.9634065112,4.5315237325
407,-0.9990711021,0.0009288979,393.5,95.34,5.9750064009,4.55741077
408,-0.9990817457,0.0009182543,398.1,97.84,5.9866054254,4.5833369785
409,-0.9990922673,0.0009077327,402.7,100.4,5.9982035946,4.6093030576
410,-0.9991026684,0.0008973316,407.4,103.1,6.0098009184,4.6353097223
411,-0.9991129503,0.0008870497,412.2,105.8,6.0213974064,4.6613577031
412,-0.9991231144,0.0008768856,417,108.6,6.0329930682,4.6874477467
413,-0.999133162,0.000866838,421.8,111.5,6.0445879133,4.7135806163
414,-0.9991430945,0.0008569055,426.7,114.4,6.0561819512,4.7397570923
415,-0.9991529132,0.0008470868,431.7,117.4,6.067775191,4.7659779725
416,-0.9991626193,0.0008373807,436.8,120.6,6.0793676419,4.7922440731
417,-0.9991722143,0.0008277857,441.8,123.8,6.090959313,4.8185562285
418,-0.9991816993,0.0008183007,447,127.1,6.1025502132,4.8449152929
419,-0.9991910757,0.0008089243,452.2,130.5,6.1141403514,4.8713221398
420,-0.9992003445,0.0007996555,457.5,134,6.1257297364,4.8977776636
421,-0.9992095072,0.0007904928,462.8,137.6,6.1373183766,4.9242827794
422,-0.9992185649,0.0007814351,468.2,141.3,6.1489062808,4.9508384243
423,-0.9992275189,0.0007724811,473.7,145.1,6.1604934574,4.9774455577
424,-0.9992363702,0.0007636298,479.2,149,6.1720799146,5.0041051622
425,-0.9992451201,0.0007548799,484.8,153.1,6.1836656609,5.0308182443
426,-0.9992537697,0.0007462303,490.4,157.2,6.1952507042,5.0575858351
427,-0.9992623202,0.0007376798,496.1,161.5,6.2068350527,5.0844089914
428,-0.9992707728,0.0007292272,501.9,165.9,6.2184187144,5.1112887961
429,-0.9992791285,0.0007208715,507.8,170.4,6.2300016971,5.1382263594
430,-0.9992873885,0.0007126115,513.7,175.1,6.2415840087,5.1652228196
431,-0.9992955538,0.0007044462,519.7,179.9,6.2531656568,5.192279344
432,-0.9993036255,0.0006963745,525.7,184.8,6.264746649,5.2193971301
433,-0.9993116048,0.0006883952,531.8,189.9,6.2763269929,5.2465774064
434,-0.9993194926,0.0006805074,538,195.2,6.287906696,5.2738214336
435,-0.9993272901,0.0006727099,544.3,200.6,6.2994857654,5.3011305056
436,-0.9993349982,0.0006650018,550.6,206.1,6.3110642087,5.328505951
437,-0.999342618,0.000657382,557,211.9,6.3226420328,5.3559491339
438,-0.9993501505,0.0006498495,563.5,217.8,6.334219245,5.3834614554
439,-0.9993575966,0.0006424034,570.1,223.9,6.3457958522,5.4110443551
440,-0.9993649575,0.0006350425,576.7,230.1,6.3573718614,5.4386993121
441,-0.999372234,0.000627766,583.4,236.6,6.3689472794,5.4664278468
442,-0.9993794271,0.0006205729,590.2,243.3,6.3805221131,5.4942315224
443,-0.9993865378,0.0006134622,597.1,250.2,6.3920963691,5.5221119463
444,-0.9993935671,0.0006064329,604.1,257.3,6.403670054,5.5500707721
445,-0.9994005157,0.0005994843,611.1,264.6,6.4152431745,5.5781097009
446,-0.9994073848,0.0005926152,618.2,272.1,6.4268157369,5.6062304838
447,-0.9994141752,0.0005858248,625.4,279.9,6.4383877478,5.6344349233
448,-0.9994208877,0.0005791123,632.7,287.9,6.4499592133,5.6627248753
449,-0.9994275234,0.0005724766,640,296.2,6.4615301398,5.6911022518
450,-0.999434083,0.000565917,647.5,304.8,6.4731005335,5.7195690227
451,-0.9994405674,0.0005594326,655,313.6,6.4846704005,5.748127218
452,-0.9994469776,0.0005530224,662.6,322.7,6.4962397467,5.7767789308
453,-0.9994533143,0.0005466857,670.4,332.1,6.5078085782,5.8055263196
454,-0.9994595784,0.0005404216,678.2,341.8,6.519376901,5.834371611
455,-0.9994657707,0.0005342293,686,351.9,6.5309447207,5.8633171026
456,-0.999471892,0.000528108,694,362.3,6.5425120432,5.8923651663
457,-0.9994779432,0.0005220568,702.1,373,6.5540788743,5.9215182512
458,-0.9994839251,0.0005160749,710.3,384.1,6.5656452194,5.9507788871
459,-0.9994898385,0.0005101615,718.5,395.5,6.5772110843,5.9801496881
460,-0.9994956841,0.0005043159,726.9,407.3,6.5887764744,6.0096333563
461,-0.9995014627,0.0004985373,735.3,419.6,6.6003413951,6.039232686
462,-0.999507175,0.000492825,743.9,432.2,6.6119058519,6.0689505674
463,-0.999512822,0.000487178,752.6,445.3,6.62346985,6.0987899918
464,-0.9995184042,0.0004815958,761.3,458.9,6.6350333948,6.1287540556
465,-0.9995239225,0.0004760775,770.2,472.9,6.6465964914,6.1588459658
466,-0.9995293775,0.0004706225,779.1,487.4,6.658159145,6.1890690449
467,-0.99953477,0.00046523,788.2,502.4,6.6697213606,6.2194267369
468,-0.9995401008,0.0004598992,797.3,518,6.6812831432,6.249922613
469,-0.9995453705,0.0004546295,806.6,534.1,6.692844498,6.2805603781
470,-0.9995505797,0.0004494203,816,550.8,6.7044054296,6.3113438773
471,-0.9995557293,0.0004442707,825.5,568.1,6.7159659431,6.3422771034
472,-0.9995608199,0.0004391801,835.1,586,6.7275260431,6.373364204
473,-0.9995658522,0.0004341478,844.8,604.6,6.7390857345,6.4046094902
474,-0.9995708268,0.0004291732,854.6,623.9,6.7506450219,6.4360174451
475,-0.9995757444,0.0004242556,864.5,643.9,6.7622039099,6.4675927327
476,-0.9995806056,0.0004193944,874.6,664.7,6.7737624032,6.4993402081
477,-0.9995854112,0.0004145888,884.8,686.3,6.7853205062,6.5312649281
478,-0.9995901616,0.0004098384,895,708.7,6.7968782235,6.5633721622
479,-0.9995948577,0.0004051423,905.5,731.9,6.8084355594,6.595667405
480,-0.9995994999,0.0004005001,916,756.1,6.8199925183,6.628156389
481,-0.999604089,0.000395911,926.6,781.2,6.8315491046,6.6608450986
482,-0.9996086254,0.0003913746,937.4,807.3,6.8431053226,6.6937397847
483,-0.9996131099,0.0003868901,948.3,834.5,6.8546611764,6.7268469815
484,-0.999617543,0.000382457,959.3,862.8,6.8662166702,6.7601735232
485,-0.9996219253,0.0003780747,970.5,892.2,6.8777718081,6.7937265627
486,-0.9996262574,0.0003737426,981.7,922.9,6.8893265943,6.827513592
487,-0.9996305399,0.0003694601,993.1,954.8,6.9008810328,6.8615424638
488,-0.9996347733,0.0003652267,1005,988.1,6.9124351275,6.8958214148
489,-0.9996389581,0.0003610419,1016,1023,6.9239888824,6.9303590915
490,-0.9996430951,0.0003569049,1028,1059,6.9355423015,6.9651645775
491,-0.9996471846,0.0003528154,1040,1097,6.9470953884,7.0002474237
492,-0.9996512273,0.0003487727,1052,1136,6.9586481471,7.0356176805
493,-0.9996552236,0.0003447764,1064,1178,6.9702005814,7.0712859339
494,-0.9996591741,0.0003408259,1077,1221,6.9817526948,7.1072633432
495,-0.9996630794,0.0003369206,1089,1266,6.9933044912,7.1435616843
496,-0.99966694,0.00033306,1102,1313,7.0048559742,7.1801933949
497,-0.9996707563,0.0003292437,1115,1363,7.0164071472,7.2171716256
498,-0.9996745288,0.0003254712,1128,1414,7.027958014,7.2545102954
499,-0.9996782582,0.0003217418,1141,1469,7.039508578,7.2922241525
500,-0.9996819448,0.0003180552,1154,1526,7.0510588427,7.3303288414
501,-0.9996855892,0.0003144108,1167,1586,7.0626088114,7.3688409774
502,-0.9996891918,0.0003108082,1181,1649,7.0741584877,7.4077782283
503,-0.9996927531,0.0003072469,1195,1715,7.0857078749,7.447159405
504,-0.9996962736,0.0003037264,1209,1785,7.0972569762,7.4870045627
505,-0.9996997538,0.0003002462,1223,1858,7.108805795,7.5273351127
506,-0.9997031941,0.0002968059,1237,1936,7.1203543344,7.5681739475
507,-0.999706595,0.000293405,1251,2017,7.1319025978,7.609545581
508,-0.999709957,0.000290043,1266,2104,7.1434505882,7.6514763046
509,-0.9997132804,0.0002867196,1280,2195,7.1549983088,7.6939943641
510,-0.9997165657,0.0002834343,1295,2292,7.1665457627,7.7371301574
511,-0.9997198133,0.0002801867,1310,2394,7.1780929529,7.7809164594
512,-0.9997230238,0.0002769762,1326,2503,7.1896398825,7.8253886764
513,-0.9997261975,0.0002738025,1341,2619,7.2011865545,7.8705851353
514,-0.9997293348,0.0002706652,1357,2742,7.2127329717,7.9165474137
515,-0.9997324362,0.0002675638,1372,2874,7.2242791372,7.9633207189
516,-0.999735502,0.000264498,1388,3014,7.2358250537,8.010954322
517,-0.9997385327,0.0002614673,1404,3164,7.2473707243,8.059502061
518,-0.9997415286,0.0002584714,1421,3324,7.2589161516,8.1090229226
519,-0.9997444903,0.0002555097,1437,3497,7.2704613385,8.1595817204
520,-0.999747418,0.000252582,1454,3682,7.2820062877,8.2112498887
521,-0.9997503122,0.0002496878,1471,3882,7.293551002,8.2641064158
522,-0.9997531732,0.0002468268,1488,4098,7.305095484,8.3182389486
523,-0.9997560014,0.0002439986,1505,4332,7.3166397365,8.3737451054
524,-0.9997587972,0.0002412028,1523,4586,7.3281837619,8.4307340488
525,-0.999761561,0.000238439,1540,4863,7.3397275631,8.4893283809
526,-0.9997642931,0.0002357069,1558,5165,7.3512711424,8.5496664436
527,-0.9997669939,0.0002330061,1576,5497,7.3628145025,8.6119051346
528,-0.9997696637,0.0002303363,1595,5862,7.3743576459,8.6762233807
529,-0.999772303,0.000227697,1613,6266,7.385900575,8.742826466
530,-0.999774912,0.000225088,1632,6714,7.3974432923,8.8119514766
531,-0.9997774911,0.0002225089,1651,7215,7.4089858003,8.883874229
532,-0.9997800407,0.0002199593,1670,7777,7.4205281013,8.9589181944
533,-0.9997825611,0.0002174389,1689,8412,7.4320701977,9.0374661512
534,-0.9997850525,0.0002149475,1709,9136,7.4436120919,9.1199756321
535,-0.9997875155,0.0002124845,1729,9967,7.4551537862,9.2069997538
536,-0.9997899502,0.0002100498,1749,1.093e+04,7.4666952828,9.2992158475
537,-0.999792357,0.000207643,1769,1.206e+04,7.4782365841,9.3974656839
538,-0.9997947362,0.0002052638,1790,1.34e+04,7.4897776922,9.5028134259
539,-0.9997970882,0.0002029118,1810,1.501e+04,7.5013186094,9.6166316007
540,-0.9997994132,0.0002005868,1831,1.7e+04,7.5128593379,9.7407331029
541,-0.9998017116,0.0001982884,1853,1.949e+04,7.5243998798,9.8775823907
542,-0.9998039837,0.0001960163,1874,2.271e+04,7.5359402373,10.0306507591
543,-0.9998062297,0.0001937703,1896,2.704e+04,7.5474804125,10.2050525495
544,-0.9998084499,0.0001915501,1918,3.315e+04,7.5590204075,10.4087798666
545,-0.9998106448,0.0001893552,1940,4.242e+04,7.5705602243,10.6553716117
546,-0.9998128145,0.0001871855,1963,5.814e+04,7.5820998651,10.9706402371
547,-0.9998149593,0.0001850407,1986,9.06e+04,7.5936393317,11.4142501303
548,-0.9998170795,0.0001829205,2009,1.968e+05,7.6051786262,12.189901496
549,-0.9998191755,0.0001808245,2032,1.486e+06,7.6167177506,14.2117524595
550,-0.9998212474,0.0001787526,2055,1.605e+05,7.6282567068,11.9859204121
551,-0.9998232956,0.0001767044,2079,8.621e+04,7.6397954968,11.3645777346
552,-0.9998253204,0.0001746796,2103,5.959e+04,7.6513341224,10.9952385542
553,-0.9998273219,0.0001726781,2128,4.591e+04,7.6628725856,10.7343784489
554,-0.9998293005,0.0001706995,2153,3.758e+04,7.6744108882,10.5342647421
555,-0.9998312564,0.0001687436,2178,3.199e+04,7.685949032,10.3730531846
556,-0.9998331899,0.0001668101,2203,2.797e+04,7.6974870189,10.2389038715
557,-0.9998351013,0.0001648987,2228,2.495e+04,7.7090248507,10.1246737569
558,-0.9998369908,0.0001630092,2254,2.26e+04,7.720562529,10.0257200532
559,-0.9998388586,0.0001611414,2280,2.072e+04,7.7321000558,9.9388543419
560,-0.999840705,0.000159295,2307,1.918e+04,7.7436374328,9.8617921535
561,-0.9998425302,0.0001574698,2334,1.791e+04,7.7551746616,9.7928405748
562,-0.9998443346,0.0001556654,2361,1.683e+04,7.7667117439,9.7307101378
563,-0.9998461182,0.0001538818,2388,1.591e+04,7.7782486815,9.6743960051
564,-0.9998478814,0.0001521186,2416,1.511e+04,7.7897854759,9.6230999105
565,-0.9998496245,0.0001503755,2444,1.442e+04,7.8013221289,9.5761771508
566,-0.9998513475,0.0001486525,2472,1.381e+04,7.8128586421,9.5330995605
567,-0.9998530508,0.0001469492,2501,1.327e+04,7.824395017,9.4934290134
568,-0.9998547346,0.0001452654,2530,1.279e+04,7.8359312552,9.4567980526
569,-0.9998563991,0.0001436009,2559,1.237e+04,7.8474673584,9.4228954647
570,-0.9998580445,0.0001419555,2589,1.199e+04,7.859003328,9.3914553568
571,-0.9998596711,0.0001403289,2619,1.164e+04,7.8705391656,9.3622487624
572,-0.999861279,0.000138721,2649,1.133e+04,7.8820748726,9.3350771059
573,-0.9998628685,0.0001371315,2680,1.105e+04,7.8936104507,9.3097670508
574,-0.9998644398,0.0001355602,2711,1.079e+04,7.9051459013,9.2861663966
575,-0.9998659931,0.0001340069,2743,1.055e+04,7.9166812258,9.2641407759
576,-0.9998675286,0.0001324714,2774,1.034e+04,7.9282164256,9.2435709731
577,-0.9998690465,0.0001309535,2807,1.014e+04,7.9397515023,9.2243507288
578,-0.999870547,0.000129453,2839,9961,7.9512864572,9.2063849277
579,-0.9998720303,0.0001279697,2872,9795,7.9628212917,9.1895880932
580,-0.9998734966,0.0001265034,2905,9642,7.9743560072,9.1738831273
581,-0.9998749461,0.0001250539,2939,9501,7.9858906051,9.1592002504
582,-0.999876379,0.000123621,2973,9372,7.9974250866,9.1454761032
583,-0.9998777955,0.0001222045,3008,9253,8.0089594533,9.1326529831
584,-0.9998791958,0.0001208042,3043,9142,8.0204937062,9.1206781896
585,-0.99988058,0.00011942,3078,9041,8.0320278468,9.109503463
586,-0.9998819483,0.0001180517,3114,8947,8.0435618764,9.099084499
587,-0.999883301,0.000116699,3150,8861,8.0550957962,9.0893805279
588,-0.9998846382,0.0001153618,3186,8781,8.0666296075,9.0803539483
589,-0.99988596,0.00011404,3223,8708,8.0781633115,9.0719700074
590,-0.9998872667,0.0001127333,3261,8640,8.0896969094,9.0641965206
591,-0.9998885585,0.0001114415,3299,8578,8.1012304026,9.0570036238
592,-0.9998898354,0.0001101646,3337,8522,8.112763792,9.0503635566
593,-0.9998910977,0.0001089023,3375,8470,8.1242970791,9.0442504686
594,-0.9998923455,0.0001076545,3415,8422,8.1358302649,9.0386402484
595,-0.9998935791,0.0001064209,3454,8379,8.1473633505,9.0335103712
596,-0.9998947985,0.0001052015,3494,8340,8.1588963372,9.0288397625
597,-0.9998960039,0.0001039961,3535,8305,8.1704292261,9.0246086763
598,-0.9998971955,0.0001028045,3576,8273,8.1819620183,9.0207985857
599,-0.9998983735,0.0001016265,3617,8245,8.1934947149,9.0173920849
600,-0.999899538,0.000100462,3659,8220,8.2050273169,9.0143728004
601,-0.9999006891,0.0000993109,3702,8199,8.2165598256,9.0117253108
602,-0.999901827,0.000098173,3745,8180,8.2280922419,9.0094350749
603,-0.9999029519,0.0000970481,3788,8164,8.2396245669,9.0074883656
604,-0.9999040639,0.0000959361,3832,8151,8.2511568017,9.0058722105
605,-0.9999051632,0.0000948368,3877,8140,8.2626889472,9.0045743377
606,-0.9999062498,0.0000937502,3921,8132,8.2742210046,9.003583126
607,-0.9999073241,0.0000926759,3967,8127,8.2857529748,9.00288756
608,-0.999908386,0.000091614,4013,8123,8.2972848588,9.0024771887
609,-0.9999094357,0.0000905643,4060,8122,8.3088166576,9.0023420877
610,-0.9999104734,0.0000895266,4107,8123,8.3203483722,9.0024728241
611,-0.9999114993,0.0000885007,4154,8126,8.3318800036,9.0028604252
612,-0.9999125133,0.0000874867,4202,8131,8.3434115527,9.0034963486
613,-0.9999135158,0.0000864842,4251,8139,8.3549430204,9.0043724553
614,-0.9999145067,0.0000854933,4300,8148,8.3664744077,9.005480985
615,-0.9999154863,0.0000845137,4350,8158,8.3780057155,9.0068145325
616,-0.9999164547,0.0000835453,4401,8171,8.3895369447,9.0083660268
617,-0.999917412,0.000082588,4452,8186,8.4010680962,9.0101287111
618,-0.9999183583,0.0000816417,4503,8202,8.412599171,9.0120961249
619,-0.9999192938,0.0000807062,4556,8219,8.4241301698,9.0142620862
620,-0.9999202186,0.0000797814,4609,8239,8.4356610936,9.0166206766
621,-0.9999211327,0.0000788673,4662,8260,8.4471919432,9.019166226
622,-0.9999220364,0.0000779636,4716,8282,8.4587227194,9.0218932992
623,-0.9999229297,0.0000770703,4771,8307,8.4702534232,9.0247966828
624,-0.9999238128,0.0000761872,4826,8332,8.4817840553,9.027871374
625,-0.9999246858,0.0000753142,4882,8359,8.4933146165,9.0311125687
626,-0.9999255488,0.0000744512,4939,8388,8.5048451077,9.0345156515
627,-0.9999264019,0.0000735981,4996,8418,8.5163755297,9.0380761861
628,-0.9999272452,0.0000727548,5054,8449,8.5279058833,9.0417899059
629,-0.9999280788,0.0000719212,5112,8482,8.5394361692,9.0456527057
630,-0.9999289029,0.0000710971,5172,8516,8.5509663882,9.0496606335
631,-0.9999297176,0.0000702824,5232,8551,8.5624965412,9.0538098832
632,-0.9999305229,0.0000694771,5292,8588,8.5740266287,9.0580967875
633,-0.999931319,0.000068681,5354,8626,8.5855566517,9.0625178111
634,-0.9999321059,0.0000678941,5416,8665,8.5970866108,9.0670695447
635,-0.9999328839,0.0000671161,5479,8706,8.6086165068,9.0717486987
636,-0.9999336529,0.0000663471,5542,8748,8.6201463404,9.0765520984
637,-0.9999344131,0.0000655869,5606,8791,8.6316761122,9.0814766781
638,-0.9999351647,0.0000648353,5671,8835,8.6432058231,9.0865194764
639,-0.9999359076,0.0000640924,5737,8881,8.6547354737,9.0916776315
640,-0.999936642,0.000063358,5804,8928,8.6662650648,9.0969483771
641,-0.9999373679,0.0000626321,5871,8976,8.6777945969,9.1023290379
642,-0.9999380856,0.0000619144,5939,9026,8.6893240707,9.1078170256
643,-0.999938795,0.000061205,6008,9076,8.700853487,9.1134098357
644,-0.9999394963,0.0000605037,6078,9128,8.7123828464,9.1191050434
645,-0.9999401896,0.0000598104,6148,9181,8.7239121495,9.1249003005
646,-0.9999408749,0.0000591251,6219,9235,8.7354413971,9.1307933323
647,-0.9999415524,0.0000584476,6292,9291,8.7469705896,9.1367819344
648,-0.9999422221,0.0000577779,6365,9347,8.7584997278,9.1428639703
649,-0.9999428841,0.0000571159,6438,9405,8.7700288123,9.1490373679
650,-0.9999435386,0.0000564614,6513,9464,8.7815578436,9.1553001177
651,-0.9999441855,0.0000558145,6589,9525,8.7930868225,9.1616502699
652,-0.9999448251,0.0000551749,6665,9586,8.8046157495,9.1680859323
653,-0.9999454573,0.0000545427,6742,9649,8.8161446251,9.1746052679
654,-0.9999460823,0.0000539177,6820,9713,8.8276734501,9.1812064929
655,-0.9999467001,0.0000532999,6899,9778,8.8392022249,9.1878878747
656,-0.9999473108,0.0000526892,6979,9844,8.8507309502,9.19464773
657,-0.9999479145,0.0000520855,7060,9912,8.8622596264,9.2014844227
658,-0.9999485113,0.0000514887,7142,9981,8.8737882543,9.2083963626
659,-0.9999491013,0.0000508987,7225,1.005e+04,8.8853168342,9.2153820035
660,-0.9999496845,0.0000503155,7309,1.012e+04,8.8968453669,9.2224398415
661,-0.999950261,0.000049739,7394,1.019e+04,8.9083738527,9.2295684136
662,-0.999950831,0.000049169,7479,1.027e+04,8.9199022923,9.2367662966
663,-0.9999513944,0.0000486056,7566,1.034e+04,8.9314306862,9.2440321048
664,-0.9999519513,0.0000480487,7654,1.042e+04,8.9429590349,9.2513644898
665,-0.9999525019,0.0000474981,7743,1.05e+04,8.954487339,9.2587621383
666,-0.9999530461,0.0000469539,7832,1.057e+04,8.9660155988,9.2662237714
667,-0.9999535841,0.0000464159,7923,1.065e+04,8.977543815,9.2737481433
668,-0.999954116,0.000045884,8015,1.074e+04,8.9890719881,9.2813340401
669,-0.9999546417,0.0000453583,8108,1.082e+04,9.0006001184,9.288980279
670,-0.9999551614,0.0000448386,8202,1.09e+04,9.0121282067,9.296685707
671,-0.9999556752,0.0000443248,8297,1.099e+04,9.0236562532,9.3044491998
672,-0.9999561831,0.0000438169,8393,1.107e+04,9.0351842585,9.3122696615
673,-0.9999566852,0.0000433148,8491,1.116e+04,9.046712223,9.3201460228
674,-0.9999571815,0.0000428185,8589,1.125e+04,9.0582401473,9.3280772411
675,-0.9999576721,0.0000423279,8689,1.134e+04,9.0697680318,9.3360622986
676,-0.9999581571,0.0000418429,8789,1.143e+04,9.0812958769,9.3441002027
677,-0.9999586366,0.0000413634,8891,1.152e+04,9.0928236832,9.352189984
678,-0.9999591105,0.0000408895,8994,1.162e+04,9.1043514509,9.3603306965
679,-0.999959579,0.000040421,9099,1.171e+04,9.1158791807,9.3685214166
680,-0.9999600422,0.0000399578,9204,1.181e+04,9.1274068728,9.3767612422
681,-0.9999605,0.0000395,9311,1.191e+04,9.1389345278,9.3850492923
682,-0.9999609526,0.0000390474,9419,1.201e+04,9.1504621461,9.3933847061
683,-0.9999614001,0.0000385999,9528,1.211e+04,9.1619897281,9.4017666429
684,-0.9999618424,0.0000381576,9638,1.221e+04,9.1735172742,9.4101942809
685,-0.9999622796,0.0000377204,9750,1.232e+04,9.1850447848,9.4186668171
686,-0.9999627118,0.0000372882,9863,1.242e+04,9.1965722603,9.4271834665
687,-0.999963139,0.000036861,9978,1.253e+04,9.2080997012,9.4357434616
688,-0.9999635614,0.0000364386,1.009e+04,1.264e+04,9.2196271078,9.444346052
689,-0.9999639789,0.0000360211,1.021e+04,1.275e+04,9.2311544805,9.452990504
690,-0.9999643917,0.0000356083,1.033e+04,1.286e+04,9.2426818197,9.4616760998
691,-0.9999647997,0.0000352003,1.045e+04,1.297e+04,9.2542091258,9.4704021372
692,-0.999965203,0.000034797,1.057e+04,1.308e+04,9.2657363992,9.4791679294
693,-0.9999656017,0.0000343983,1.069e+04,1.32e+04,9.2772636402,9.4879728043
694,-0.9999659959,0.0000340041,1.082e+04,1.332e+04,9.2887908493,9.4968161041
695,-0.9999663855,0.0000336145,1.094e+04,1.344e+04,9.3003180267,9.505697185
696,-0.9999667707,0.0000332293,1.107e+04,1.356e+04,9.3118451729,9.5146154169
697,-0.9999671514,0.0000328486,1.12e+04,1.368e+04,9.3233722882,9.5235701828
698,-0.9999675278,0.0000324722,1.133e+04,1.38e+04,9.3348993729,9.5325608786
699,-0.9999678999,0.0000321001,1.146e+04,1.393e+04,9.3464264275,9.5415869128
700,-0.9999682677,0.0000317323,1.159e+04,1.405e+04,9.3579534522,9.550647706
701,-0.9999686313,0.0000313687,1.173e+04,1.418e+04,9.3694804474,9.5597426908
702,-0.9999689907,0.0000310093,1.186e+04,1.431e+04,9.3810074134,9.5688713113
703,-0.999969346,0.000030654,1.2e+04,1.444e+04,9.3925343506,9.5780330229
704,-0.9999696973,0.0000303027,1.214e+04,1.458e+04,9.4040612593,9.5872272918
705,-0.9999700445,0.0000299555,1.228e+04,1.471e+04,9.4155881398,9.5964535952
706,-0.9999703877,0.0000296123,1.242e+04,1.485e+04,9.4271149925,9.6057114204
707,-0.9999707271,0.0000292729,1.256e+04,1.499e+04,9.4386418177,9.6150002652
708,-0.9999710625,0.0000289375,1.271e+04,1.513e+04,9.4501686156,9.624319637
709,-0.999971394,0.000028606,1.286e+04,1.527e+04,9.4616953866,9.633669053
710,-0.9999717218,0.0000282782,1.301e+04,1.541e+04,9.4732221311,9.6430480398
711,-0.9999720458,0.0000279542,1.316e+04,1.556e+04,9.4847488492,9.6524561332
712,-0.9999723661,0.0000276339,1.331e+04,1.571e+04,9.4962755413,9.661892878
713,-0.9999726828,0.0000273172,1.346e+04,1.586e+04,9.5078022078,9.6713578275
714,-0.9999729958,0.0000270042,1.362e+04,1.601e+04,9.5193288488,9.6808505438
715,-0.9999733052,0.0000266948,1.378e+04,1.616e+04,9.5308554648,9.6903705973
716,-0.9999736111,0.0000263889,1.394e+04,1.632e+04,9.5423820559,9.6999175663
717,-0.9999739135,0.0000260865,1.41e+04,1.647e+04,9.5539086225,9.7094910373
718,-0.9999742124,0.0000257876,1.426e+04,1.663e+04,9.5654351648,9.7190906044
719,-0.9999745079,0.0000254921,1.443e+04,1.679e+04,9.5769616832,9.7287158692
720,-0.9999748,0.0000252,1.46e+04,1.696e+04,9.5884881779,9.7383664408
721,-0.9999750887,0.0000249113,1.476e+04,1.712e+04,9.6000146491,9.7480419355
722,-0.9999753741,0.0000246259,1.494e+04,1.729e+04,9.6115410971,9.7577419765
723,-0.9999756563,0.0000243437,1.511e+04,1.746e+04,9.6230675223,9.7674661942
724,-0.9999759352,0.0000240648,1.528e+04,1.763e+04,9.6345939249,9.7772142254
725,-0.999976211,0.000023789,1.546e+04,1.78e+04,9.646120305,9.7869857136
726,-0.9999764836,0.0000235164,1.564e+04,1.798e+04,9.6576466631,9.7967803087
727,-0.999976753,0.000023247,1.582e+04,1.815e+04,9.6691729992,9.8065976669
728,-0.9999770194,0.0000229806,1.601e+04,1.833e+04,9.6806993138,9.8164374505
729,-0.9999772827,0.0000227173,1.619e+04,1.851e+04,9.692225607,9.826299328
730,-0.999977543,0.000022457,1.638e+04,1.87e+04,9.7037518791,9.8361829734
731,-0.9999778003,0.0000221997,1.657e+04,1.888e+04,9.7152781303,9.8460880667
732,-0.9999780547,0.0000219453,1.676e+04,1.907e+04,9.7268043609,9.8560142935
733,-0.9999783062,0.0000216938,1.696e+04,1.926e+04,9.738330571,9.8659613449
734,-0.9999785547,0.0000214453,1.715e+04,1.946e+04,9.749856761,9.8759289171
735,-0.9999788005,0.0000211995,1.735e+04,1.965e+04,9.7613829311,9.885916712
736,-0.9999790434,0.0000209566,1.755e+04,1.985e+04,9.7729090814,9.8959244364
737,-0.9999792835,0.0000207165,1.776e+04,2.005e+04,9.7844352122,9.905951802
738,-0.9999795209,0.0000204791,1.796e+04,2.025e+04,9.7959613238,9.9159985257
739,-0.9999797555,0.0000202445,1.817e+04,2.046e+04,9.8074874164,9.9260643291
740,-0.9999799875,0.0000200125,1.838e+04,2.066e+04,9.8190134901,9.9361489386
741,-0.9999802168,0.0000197832,1.859e+04,2.087e+04,9.8305395452,9.9462520849
742,-0.9999804435,0.0000195565,1.881e+04,2.109e+04,9.842065582,9.9563735038
743,-0.9999806676,0.0000193324,1.903e+04,2.13e+04,9.8535916005,9.966512935
744,-0.9999808891,0.0000191109,1.925e+04,2.152e+04,9.8651176011,9.9766701228
745,-0.9999811081,0.0000188919,1.947e+04,2.174e+04,9.8766435839,9.9868448157
746,-0.9999813245,0.0000186755,1.97e+04,2.196e+04,9.8881695491,9.9970367665
747,-0.9999815385,0.0000184615,1.992e+04,2.219e+04,9.899695497,10.0072457318
748,-0.9999817501,0.0000182499,2.016e+04,2.241e+04,9.9112214277,10.0174714725
749,-0.9999819592,0.0000180408,2.039e+04,2.265e+04,9.9227473415,10.0277137531
750,-0.9999821659,0.0000178341,2.063e+04,2.288e+04,9.9342732384,10.0379723424
751,-0.9999823702,0.0000176298,2.086e+04,2.312e+04,9.9457991188,10.0482470124
752,-0.9999825723,0.0000174277,2.111e+04,2.335e+04,9.9573249828,10.0585375392
753,-0.9999827719,0.0000172281,2.135e+04,2.36e+04,9.9688508306,10.0688437024
754,-0.9999829693,0.0000170307,2.16e+04,2.384e+04,9.9803766624,10.0791652852
755,-0.9999831645,0.0000168355,2.185e+04,2.409e+04,9.9919024783,10.0895020741
756,-0.9999833574,0.0000166426,2.21e+04,2.434e+04,10.0034282786,10.0998538592
757,-0.9999835481,0.0000164519,2.236e+04,2.459e+04,10.0149540635,10.1102204338
758,-0.9999837366,0.0000162634,2.262e+04,2.485e+04,10.026479833,10.1206015946
759,-0.999983923,0.000016077,2.288e+04,2.511e+04,10.0380055874,10.1309971416
760,-0.9999841072,0.0000158928,2.314e+04,2.537e+04,10.0495313268,10.1414068776
761,-0.9999842893,0.0000157107,2.341e+04,2.564e+04,10.0610570515,10.1518306088
762,-0.9999844693,0.0000155307,2.368e+04,2.591e+04,10.0725827616,10.1622681444
763,-0.9999846472,0.0000153528,2.396e+04,2.618e+04,10.0841084572,10.1727192965
764,-0.9999848232,0.0000151768,2.424e+04,2.645e+04,10.0956341386,10.1831838801
765,-0.9999849971,0.0000150029,2.452e+04,2.673e+04,10.1071598058,10.1936617133
766,-0.999985169,0.000014831,2.48e+04,2.702e+04,10.1186854591,10.2041526166
767,-0.9999853389,0.0000146611,2.509e+04,2.73e+04,10.1302110986,10.2146564137
768,-0.9999855069,0.0000144931,2.538e+04,2.759e+04,10.1417367245,10.2251729307
769,-0.999985673,0.000014327,2.567e+04,2.788e+04,10.1532623369,10.2357019965
770,-0.9999858371,0.0000141629,2.597e+04,2.818e+04,10.164787936,10.2462434427
771,-0.9999859994,0.0000140006,2.627e+04,2.848e+04,10.1763135219,10.2567971032
772,-0.9999861598,0.0000138402,2.658e+04,2.878e+04,10.1878390948,10.2673628146
773,-0.9999863184,0.0000136816,2.689e+04,2.908e+04,10.1993646549,10.2779404161
774,-0.9999864752,0.0000135248,2.72e+04,2.939e+04,10.2108902022,10.288529749
775,-0.9999866302,0.0000133698,2.751e+04,2.971e+04,10.2224157369,10.2991306572
776,-0.9999867834,0.0000132166,2.783e+04,3.002e+04,10.2339412592,10.3097429869
777,-0.9999869348,0.0000130652,2.815e+04,3.034e+04,10.2454667692,10.3203665867
778,-0.9999870845,0.0000129155,2.848e+04,3.067e+04,10.2569922671,10.3310013074
779,-0.9999872325,0.0000127675,2.881e+04,3.1e+04,10.268517753,10.3416470018
780,-0.9999873788,0.0000126212,2.915e+04,3.133e+04,10.2800432269,10.3523035252
781,-0.9999875234,0.0000124766,2.948e+04,3.167e+04,10.2915686892,10.3629707348
782,-0.9999876664,0.0000123336,2.982e+04,3.201e+04,10.3030941399,10.3736484902
783,-0.9999878077,0.0000121923,3.017e+04,3.235e+04,10.3146195791,10.3843366528
784,-0.9999879474,0.0000120526,3.052e+04,3.27e+04,10.3261450069,10.3950350861
785,-0.9999880855,0.0000119145,3.087e+04,3.305e+04,10.3376704236,10.4057436556
786,-0.999988222,0.000011778,3.123e+04,3.341e+04,10.3491958291,10.4164622288
787,-0.999988357,0.000011643,3.159e+04,3.377e+04,10.3607212238,10.4271906752
788,-0.9999884904,0.0000115096,3.196e+04,3.413e+04,10.3722466076,10.4379288661
789,-0.9999886223,0.0000113777,3.233e+04,3.45e+04,10.3837719807,10.4486766745
790,-0.9999887526,0.0000112474,3.271e+04,3.487e+04,10.3952973432,10.4594339756
791,-0.9999888815,0.0000111185,3.308e+04,3.525e+04,10.4068226952,10.4702006462
792,-0.9999890089,0.0000109911,3.347e+04,3.563e+04,10.418348037,10.4809765648
793,-0.9999891348,0.0000108652,3.386e+04,3.602e+04,10.4298733685,10.4917616117
794,-0.9999892593,0.0000107407,3.425e+04,3.641e+04,10.4413986899,10.5025556691
795,-0.9999893824,0.0000106176,3.465e+04,3.68e+04,10.4529240013,10.5133586206
796,-0.9999895041,0.0000104959,3.505e+04,3.72e+04,10.4644493028,10.5241703516
797,-0.9999896243,0.0000103757,3.545e+04,3.761e+04,10.4759745946,10.5349907492
798,-0.9999897432,0.0000102568,3.586e+04,3.802e+04,10.4874998768,10.5458197019
799,-0.9999898607,0.0000101393,3.628e+04,3.843e+04,10.4990251494,10.5566570999
800,-0.9999899769,0.0000100231,3.67e+04,3.885e+04,10.5105504126,10.567502835
801,-0.9999900918,0.0000099082,3.713e+04,3.928e+04,10.5220756664,10.5783568005
802,-0.9999902053,0.0000097947,3.756e+04,3.97e+04,10.5336009111,10.5892188911
803,-0.9999903175,0.0000096825,3.799e+04,4.014e+04,10.5451261466,10.600089003
804,-0.9999904285,0.0000095715,3.843e+04,4.058e+04,10.5566513732,10.610967034
805,-0.9999905382,0.0000094618,3.888e+04,4.102e+04,10.5681765908,10.6218528832
806,-0.9999906466,0.0000093534,3.933e+04,4.147e+04,10.5797017996,10.6327464511
807,-0.9999907537,0.0000092463,3.978e+04,4.193e+04,10.5912269998,10.6436476397
808,-0.9999908597,0.0000091403,4.025e+04,4.239e+04,10.6027521913,10.6545563521
809,-0.9999909644,0.0000090356,4.071e+04,4.285e+04,10.6142773744,10.6654724931
810,-0.999991068,0.000008932,4.118e+04,4.332e+04,10.625802549,10.6763959685
811,-0.9999911703,0.0000088297,4.166e+04,4.38e+04,10.6373277154,10.6873266856
812,-0.9999912715,0.0000087285,4.214e+04,4.428e+04,10.6488528735,10.6982645528
813,-0.9999913715,0.0000086285,4.263e+04,4.477e+04,10.6603780236,10.7092094801
814,-0.9999914704,0.0000085296,4.313e+04,4.526e+04,10.6719031656,10.7201613783
815,-0.9999915681,0.0000084319,4.363e+04,4.576e+04,10.6834282996,10.7311201597
816,-0.9999916647,0.0000083353,4.413e+04,4.626e+04,10.6949534259,10.7420857377
817,-0.9999917602,0.0000082398,4.464e+04,4.677e+04,10.7064785444,10.7530580269
818,-0.9999918546,0.0000081454,4.516e+04,4.729e+04,10.7180036552,10.7640369431
819,-0.999991948,0.000008052,4.569e+04,4.781e+04,10.7295287584,10.7750224032
820,-0.9999920402,0.0000079598,4.621e+04,4.834e+04,10.7410538542,10.7860143251
821,-0.9999921314,0.0000078686,4.675e+04,4.887e+04,10.7525789426,10.7970126282
822,-0.9999922216,0.0000077784,4.729e+04,4.942e+04,10.7641040236,10.8080172325
823,-0.9999923107,0.0000076893,4.784e+04,4.996e+04,10.7756290974,10.8190280594
824,-0.9999923988,0.0000076012,4.84e+04,5.052e+04,10.7871541641,10.8300450312
825,-0.9999924859,0.0000075141,4.896e+04,5.108e+04,10.7986792237,10.8410680715
826,-0.999992572,0.000007428,4.952e+04,5.164e+04,10.8102042763,10.8520971046
827,-0.9999926571,0.0000073429,5.01e+04,5.222e+04,10.821729322,10.8631320559
828,-0.9999927413,0.0000072587,5.068e+04,5.28e+04,10.8332543609,10.874172852
829,-0.9999928244,0.0000071756,5.127e+04,5.338e+04,10.844779393,10.8852194203
830,-0.9999929067,0.0000070933,5.186e+04,5.397e+04,10.8563044185,10.896271689
831,-0.9999929879,0.0000070121,5.246e+04,5.457e+04,10.8678294374,10.9073295877
832,-0.9999930683,0.0000069317,5.307e+04,5.518e+04,10.8793544497,10.9183930466
833,-0.9999931477,0.0000068523,5.368e+04,5.58e+04,10.8908794556,10.9294619969
834,-0.9999932262,0.0000067738,5.431e+04,5.642e+04,10.9024044551,10.9405363708
835,-0.9999933038,0.0000066962,5.494e+04,5.705e+04,10.9139294484,10.9516161011
836,-0.9999933806,0.0000066194,5.557e+04,5.768e+04,10.9254544354,10.962701122
837,-0.9999934564,0.0000065436,5.622e+04,5.833e+04,10.9369794162,10.9737913681
838,-0.9999935314,0.0000064686,5.687e+04,5.898e+04,10.948504391,10.984886775
839,-0.9999936055,0.0000063945,5.753e+04,5.963e+04,10.9600293598,10.9959872793
840,-0.9999936788,0.0000063212,5.819e+04,6.03e+04,10.9715543226,11.0070928182
841,-0.9999937512,0.0000062488,5.887e+04,6.097e+04,10.9830792795,11.01820333
842,-0.9999938228,0.0000061772,5.955e+04,6.166e+04,10.9946042306,11.0293187535
843,-0.9999938936,0.0000061064,6.024e+04,6.235e+04,11.006129176,11.0404390284
844,-0.9999939636,0.0000060364,6.094e+04,6.304e+04,11.0176541157,11.0515640954
845,-0.9999940327,0.0000059673,6.165e+04,6.375e+04,11.0291790498,11.0626938957
846,-0.9999941011,0.0000058989,6.236e+04,6.446e+04,11.0407039783,11.0738283713
847,-0.9999941687,0.0000058313,6.308e+04,6.518e+04,11.0522289014,11.0849674651
848,-0.9999942355,0.0000057645,6.382e+04,6.591e+04,11.0637538191,11.0961111207
849,-0.9999943016,0.0000056984,6.456e+04,6.665e+04,11.0752787313,11.1072592824
850,-0.9999943669,0.0000056331,6.53e+04,6.74e+04,11.0868036383,11.118411895
851,-0.9999944314,0.0000055686,6.606e+04,6.816e+04,11.0983285401,11.1295689044
852,-0.9999944952,0.0000055048,6.683e+04,6.892e+04,11.1098534366,11.1407302571
853,-0.9999945583,0.0000054417,6.76e+04,6.97e+04,11.1213783281,11.1518959
854,-0.9999946206,0.0000053794,6.838e+04,7.048e+04,11.1329032145,11.163065781
855,-0.9999946823,0.0000053177,6.918e+04,7.127e+04,11.1444280959,11.1742398485
856,-0.9999947432,0.0000052568,6.998e+04,7.207e+04,11.1559529723,11.1854180518
857,-0.9999948034,0.0000051966,7.079e+04,7.288e+04,11.1674778439,11.1966003404
858,-0.999994863,0.000005137,7.161e+04,7.37e+04,11.1790027106,11.207786665
859,-0.9999949218,0.0000050782,7.244e+04,7.453e+04,11.1905275725,11.2189769765
860,-0.99999498,0.00000502,7.328e+04,7.537e+04,11.2020524298,11.2301712265
861,-0.9999950376,0.0000049624,7.413e+04,7.622e+04,11.2135772823,11.2413693675
862,-0.9999950944,0.0000049056,7.499e+04,7.708e+04,11.2251021303,11.2525713523
863,-0.9999951506,0.0000048494,7.586e+04,7.795e+04,11.2366269737,11.2637771344
864,-0.9999952062,0.0000047938,7.674e+04,7.883e+04,11.2481518125,11.2749866678
865,-0.9999952611,0.0000047389,7.763e+04,7.971e+04,11.259676647,11.2861999073
866,-0.9999953154,0.0000046846,7.853e+04,8.061e+04,11.271201477,11.2974168082
867,-0.9999953691,0.0000046309,7.944e+04,8.152e+04,11.2827263026,11.3086373261
868,-0.9999954222,0.0000045778,8.036e+04,8.244e+04,11.294251124,11.3198614176
869,-0.9999954746,0.0000045254,8.129e+04,8.337e+04,11.3057759411,11.3310890395
870,-0.9999955265,0.0000044735,8.223e+04,8.432e+04,11.317300754,11.3423201494
871,-0.9999955777,0.0000044223,8.319e+04,8.527e+04,11.3288255627,11.3535547051
872,-0.9999956284,0.0000043716,8.415e+04,8.623e+04,11.3403503673,11.3647926653
873,-0.9999956785,0.0000043215,8.512e+04,8.721e+04,11.3518751679,11.376033989
874,-0.999995728,0.000004272,8.611e+04,8.819e+04,11.3633999644,11.3872786358
875,-0.999995777,0.000004223,8.711e+04,8.919e+04,11.374924757,11.3985265658
876,-0.9999958253,0.0000041747,8.812e+04,9.02e+04,11.3864495456,11.4097777395
877,-0.9999958732,0.0000041268,8.914e+04,9.122e+04,11.3979743304,11.421032118
878,-0.9999959205,0.0000040795,9.017e+04,9.225e+04,11.4094991113,11.4322896629
879,-0.9999959672,0.0000040328,9.122e+04,9.33e+04,11.4210238885,11.4435503363
880,-0.9999960134,0.0000039866,9.228e+04,9.435e+04,11.4325486618,11.4548141006
881,-0.9999960591,0.0000039409,9.335e+04,9.542e+04,11.4440734315,11.4660809188
882,-0.9999961043,0.0000038957,9.443e+04,9.651e+04,11.4555981975,11.4773507544
883,-0.9999961489,0.0000038511,9.552e+04,9.76e+04,11.4671229599,11.4886235714
884,-0.999996193,0.000003807,9.663e+04,9.871e+04,11.4786477187,11.4998993339
885,-0.9999962366,0.0000037634,9.775e+04,9.983e+04,11.490172474,11.5111780069
886,-0.9999962798,0.0000037202,9.888e+04,1.01e+05,11.5016972258,11.5224595556
887,-0.9999963224,0.0000036776,1e+05,1.021e+05,11.5132219741,11.5337439456
888,-0.9999963645,0.0000036355,1.012e+05,1.033e+05,11.524746719,11.5450311431
889,-0.9999964062,0.0000035938,1.024e+05,1.044e+05,11.5362714605,11.5563211145
890,-0.9999964474,0.0000035526,1.035e+05,1.056e+05,11.5477961987,11.5676138267
891,-0.9999964881,0.0000035119,1.047e+05,1.068e+05,11.5593209335,11.5789092472
892,-0.9999965283,0.0000034717,1.06e+05,1.08e+05,11.5708456651,11.5902073436
893,-0.9999965681,0.0000034319,1.072e+05,1.093e+05,11.5823703935,11.6015080841
894,-0.9999966074,0.0000033926,1.084e+05,1.105e+05,11.5938951187,11.6128114372
895,-0.9999966463,0.0000033537,1.097e+05,1.118e+05,11.6054198407,11.6241173719
896,-0.9999966847,0.0000033153,1.11e+05,1.13e+05,11.6169445596,11.6354258574
897,-0.9999967227,0.0000032773,1.122e+05,1.143e+05,11.6284692754,11.6467368634
898,-0.9999967603,0.0000032397,1.135e+05,1.156e+05,11.6399939882,11.65805036
899,-0.9999967974,0.0000032026,1.149e+05,1.169e+05,11.651518698,11.6693663176
900,-0.9999968341,0.0000031659,1.162e+05,1.183e+05,11.6630434048,11.680684707
901,-0.9999968704,0.0000031296,1.175e+05,1.196e+05,11.6745681087,11.6920054992
902,-0.9999969062,0.0000030938,1.189e+05,1.21e+05,11.6860928096,11.703328666
903,-0.9999969417,0.0000030583,1.203e+05,1.224e+05,11.6976175077,11.7146541789
904,-0.9999969767,0.0000030233,1.217e+05,1.237e+05,11.7091422029,11.7259820103
905,-0.9999970113,0.0000029887,1.231e+05,1.252e+05,11.7206668953,11.7373121328
906,-0.9999970456,0.0000029544,1.245e+05,1.266e+05,11.7321915849,11.748644519
907,-0.9999970794,0.0000029206,1.26e+05,1.28e+05,11.7437162718,11.7599791423
908,-0.9999971129,0.0000028871,1.274e+05,1.295e+05,11.755240956,11.7713159762
909,-0.999997146,0.000002854,1.289e+05,1.31e+05,11.7667656375,11.7826549945
910,-0.9999971787,0.0000028213,1.304e+05,1.325e+05,11.7782903163,11.7939961715
911,-0.999997211,0.000002789,1.319e+05,1.34e+05,11.7898149925,11.8053394815
912,-0.999997243,0.000002757,1.334e+05,1.355e+05,11.8013396661,11.8166848993
913,-0.9999972746,0.0000027254,1.35e+05,1.37e+05,11.8128643372,11.8280324002
914,-0.9999973058,0.0000026942,1.365e+05,1.386e+05,11.8243890057,11.8393819594
915,-0.9999973367,0.0000026633,1.381e+05,1.402e+05,11.8359136717,11.8507335527
916,-0.9999973672,0.0000026328,1.397e+05,1.418e+05,11.8474383352,11.8620871561
917,-0.9999973974,0.0000026026,1.413e+05,1.434e+05,11.8589629963,11.8734427458
918,-0.9999974272,0.0000025728,1.43e+05,1.45e+05,11.870487655,11.8848002984
919,-0.9999974567,0.0000025433,1.446e+05,1.467e+05,11.8820123113,11.8961597909
920,-0.9999974858,0.0000025142,1.463e+05,1.484e+05,11.8935369652,11.9075212003
921,-0.9999975146,0.0000024854,1.48e+05,1.501e+05,11.9050616167,11.918884504
922,-0.9999975431,0.0000024569,1.497e+05,1.518e+05,11.916586266,11.9302496798
923,-0.9999975712,0.0000024288,1.515e+05,1.535e+05,11.928110913,11.9416167055
924,-0.9999975991,0.0000024009,1.532e+05,1.553e+05,11.9396355577,11.9529855595
925,-0.9999976266,0.0000023734,1.55e+05,1.571e+05,11.9511602002,11.9643562202
926,-0.9999976538,0.0000023462,1.568e+05,1.589e+05,11.9626848405,11.9757286664
927,-0.9999976807,0.0000023193,1.586e+05,1.607e+05,11.9742094786,11.987102877
928,-0.9999977072,0.0000022928,1.604e+05,1.625e+05,11.9857341146,11.9984788313
929,-0.9999977335,0.0000022665,1.623e+05,1.644e+05,11.9972587484,12.0098565089
930,-0.9999977595,0.0000022405,1.642e+05,1.662e+05,12.0087833801,12.0212358894
931,-0.9999977851,0.0000022149,1.661e+05,1.682e+05,12.0203080097,12.0326169529
932,-0.9999978105,0.0000021895,1.68e+05,1.701e+05,12.0318326373,12.0439996796
933,-0.9999978356,0.0000021644,1.7e+05,1.72e+05,12.0433572628,12.0553840501
934,-0.9999978604,0.0000021396,1.719e+05,1.74e+05,12.0548818863,12.0667700449
935,-0.9999978849,0.0000021151,1.739e+05,1.76e+05,12.0664065078,12.078157645
936,-0.9999979092,0.0000020908,1.759e+05,1.78e+05,12.0779311274,12.0895468317
937,-0.9999979331,0.0000020669,1.78e+05,1.8e+05,12.089455745,12.1009375863
938,-0.9999979568,0.0000020432,1.8e+05,1.821e+05,12.1009803607,12.1123298904
939,-0.9999979802,0.0000020198,1.821e+05,1.842e+05,12.1125049745,12.1237237258
940,-0.9999980034,0.0000019966,1.842e+05,1.863e+05,12.1240295864,12.1351190747
941,-0.9999980262,0.0000019738,1.864e+05,1.884e+05,12.1355541965,12.1465159193
942,-0.9999980489,0.0000019511,1.885e+05,1.906e+05,12.1470788047,12.1579142421
943,-0.9999980712,0.0000019288,1.907e+05,1.928e+05,12.1586034111,12.1693140257
944,-0.9999980933,0.0000019067,1.929e+05,1.95e+05,12.1701280158,12.1807152531
945,-0.9999981152,0.0000018848,1.952e+05,1.972e+05,12.1816526186,12.1921179075
946,-0.9999981368,0.0000018632,1.974e+05,1.995e+05,12.1931772197,12.2035219719
947,-0.9999981581,0.0000018419,1.997e+05,2.018e+05,12.2047018191,12.21492743
948,-0.9999981792,0.0000018208,2.02e+05,2.041e+05,12.2162264167,12.2263342656
949,-0.9999982001,0.0000017999,2.044e+05,2.064e+05,12.2277510127,12.2377424624
950,-0.9999982207,0.0000017793,2.068e+05,2.088e+05,12.239275607,12.2491520046
951,-0.9999982411,0.0000017589,2.091e+05,2.112e+05,12.2508001996,12.2605628765
952,-0.9999982612,0.0000017388,2.116e+05,2.136e+05,12.2623247906,12.2719750625
953,-0.9999982812,0.0000017188,2.14e+05,2.161e+05,12.27384938,12.2833885472
954,-0.9999983009,0.0000016991,2.165e+05,2.186e+05,12.2853739678,12.2948033155
955,-0.9999983203,0.0000016797,2.19e+05,2.211e+05,12.296898554,12.3062193525
956,-0.9999983396,0.0000016604,2.216e+05,2.236e+05,12.3084231386,12.3176366432
957,-0.9999983586,0.0000016414,2.241e+05,2.262e+05,12.3199477217,12.3290551732
958,-0.9999983774,0.0000016226,2.267e+05,2.288e+05,12.3314723032,12.3404749278
959,-0.999998396,0.000001604,2.293e+05,2.314e+05,12.3429968834,12.3518958929
960,-0.9999984144,0.0000015856,2.32e+05,2.341e+05,12.3545214619,12.3633180543
961,-0.9999984325,0.0000015675,2.347e+05,2.367e+05,12.366046039,12.374741398
962,-0.9999984505,0.0000015495,2.374e+05,2.395e+05,12.3775706147,12.3861659103
963,-0.9999984683,0.0000015317,2.402e+05,2.422e+05,12.3890951888,12.3975915776
964,-0.9999984858,0.0000015142,2.43e+05,2.45e+05,12.4006197616,12.4090183864
965,-0.9999985032,0.0000014968,2.458e+05,2.478e+05,12.412144333,12.4204463233
966,-0.9999985203,0.0000014797,2.486e+05,2.507e+05,12.423668903,12.4318753753
967,-0.9999985373,0.0000014627,2.515e+05,2.535e+05,12.4351934715,12.4433055293
968,-0.999998554,0.000001446,2.544e+05,2.565e+05,12.4467180388,12.4547367726
969,-0.9999985706,0.0000014294,2.574e+05,2.594e+05,12.4582426047,12.4661690925
970,-0.999998587,0.000001413,2.603e+05,2.624e+05,12.4697671693,12.4776024763
971,-0.9999986032,0.0000013968,2.634e+05,2.654e+05,12.4812917325,12.4890369118
972,-0.9999986192,0.0000013808,2.664e+05,2.685e+05,12.4928162945,12.5004723867
973,-0.999998635,0.000001365,2.695e+05,2.716e+05,12.5043408551,12.5119088888
974,-0.9999986506,0.0000013494,2.726e+05,2.747e+05,12.5158654145,12.5233464064
975,-0.9999986661,0.0000013339,2.758e+05,2.778e+05,12.5273899727,12.5347849274
976,-0.9999986814,0.0000013186,2.79e+05,2.81e+05,12.5389145296,12.5462244404
977,-0.9999986965,0.0000013035,2.822e+05,2.843e+05,12.5504390852,12.5576649336
978,-0.9999987114,0.0000012886,2.855e+05,2.875e+05,12.5619636397,12.5691063959
979,-0.9999987262,0.0000012738,2.888e+05,2.908e+05,12.573488193,12.5805488157
980,-0.9999987408,0.0000012592,2.921e+05,2.942e+05,12.5850127451,12.5919921822
981,-0.9999987552,0.0000012448,2.955e+05,2.976e+05,12.596537296,12.6034364843
982,-0.9999987695,0.0000012305,2.99e+05,3.01e+05,12.6080618458,12.6148817109
983,-0.9999987836,0.0000012164,3.024e+05,3.045e+05,12.6195863944,12.6263278516
984,-0.9999987975,0.0000012025,3.059e+05,3.08e+05,12.6311109419,12.6377748956
985,-0.9999988113,0.0000011887,3.095e+05,3.115e+05,12.6426354882,12.6492228323
986,-0.9999988249,0.0000011751,3.131e+05,3.151e+05,12.6541600335,12.6606716516
987,-0.9999988384,0.0000011616,3.167e+05,3.187e+05,12.6656845776,12.6721213431
988,-0.9999988517,0.0000011483,3.204e+05,3.224e+05,12.6772091208,12.6835718968
989,-0.9999988648,0.0000011352,3.241e+05,3.261e+05,12.6887336628,12.6950233025
990,-0.9999988779,0.0000011221,3.278e+05,3.299e+05,12.7002582037,12.7064755504
991,-0.9999988907,0.0000011093,3.316e+05,3.337e+05,12.7117827437,12.7179286309
992,-0.9999989034,0.0000010966,3.355e+05,3.375e+05,12.7233072825,12.7293825341
993,-0.999998916,0.000001084,3.394e+05,3.414e+05,12.7348318204,12.7408372505
994,-0.9999989284,0.0000010716,3.433e+05,3.453e+05,12.7463563573,12.7522927708
995,-0.9999989407,0.0000010593,3.473e+05,3.493e+05,12.7578808932,12.7637490855
996,-0.9999989528,0.0000010472,3.513e+05,3.533e+05,12.769405428,12.7752061855
997,-0.9999989648,0.0000010352,3.554e+05,3.574e+05,12.780929962,12.7866640618
998,-0.9999989767,0.0000010233,3.595e+05,3.615e+05,12.7924544948,12.7981227051
999,-0.9999989884,0.0000010116,3.637e+05,3.657e+05,12.8039790269,12.8095821069
1000,-0.999999,0.000001,3.679e+05,3.699e+05,12.8155035579,12.821042258
